team1,team2,X.Team1.,X.GP.,X.W.,X.L.,X.WIN..,X.MIN.,X.PTS.,X.FGM.,X.FGA.,X.FG..,X.3PM.,X.3PA.,X.3P..,X.FTM.,X.FTA.,X.FT..,X.OREB.,X.DREB.,X.REB.,X.AST.,X.TOV.,X.STL.,X.BLK.,X.BLKA.,X.PF.,X.PFD.,X.....,X.Team2.,X.GP..1,X.W..1,X.L..1,X.WIN...1,X.MIN..1,X.PTS..1,X.FGM..1,X.FGA..1,X.FG...1,X.3PM..1,X.3PA..1,X.3P...1,X.FTM..1,X.FTA..1,X.FT...1,X.OREB..1,X.DREB..1,X.REB..1,X.AST..1,X.TOV..1,X.STL..1,X.BLK..1,X.BLKA..1,X.PF..1,X.PFD..1,X......1,X.Team1..1,X.OFFRTG.,X.DEFRTG.,X.NETRTG.,X.AST..,X.AST.TO.,X.ASTRATIO.,X.OREB..,X.DREB..,X.REB..,X.TOV..,X.EFG..,X.TS..,X.PACE.,X.PIE.,X.Team2..1,X.OFFRTG..1,X.DEFRTG..1,X.NETRTG..1,X.AST...1,X.AST.TO..1,X.ASTRATIO..1,X.OREB...1,X.DREB...1,X.REB...1,X.TOV...1,X.EFG...1,X.TS...1,X.PACE..1,X.PIE..1
Dallas Mavericks,Charlotte Hornets,Dallas Mavericks,11,3,8,0.273,48.5,111.8,38,85.1,44.7,12,34.9,34.4,23.8,32.1,74.2,9.8,35.5,45.3,22,16,7,4.1,4.2,20.8,26.6,-4.2,Charlotte Hornets,10,5,5,0.5,49.5,112.6,41.7,91.5,45.6,11.6,30.5,38,17.6,22.5,78.2,9.7,35.4,45.1,24.4,13,6.6,4.7,6.7,20,20.9,1,Dallas Mavericks,108.3,112.8,-4.5,57.9,1.38,15.8,28.2,71.6,50.4,15.5,51.7,56.4,102.08,48.6,Charlotte Hornets,110.7,109.7,1,58.5,1.88,17.5,26.3,74.8,50.1,12.8,51.9,55.5,98.62,49.1
Miami Heat,Cleveland Cavaliers,Miami Heat,9,6,3,0.667,48,102.4,38.2,86.8,44,11.3,32.6,34.8,14.7,21.9,67,12.3,35,47.3,23.9,13.4,7.9,4.6,5,21.2,19.2,3.1,Cleveland Cavaliers,10,2,8,0.2,48,100.2,37.9,86.7,43.7,9.4,29,32.4,15,19.4,77.3,10.4,32.7,43.1,21.2,12.9,7,2.9,6.2,19.8,18.3,-10.9,Miami Heat,108,104.8,3.2,62.5,1.78,17.7,32.3,74,52.8,14.2,50.6,53.1,94.83,51.3,Cleveland Cavaliers,104,116.3,-12.3,55.9,1.64,16.2,27.6,70.5,48.5,13.4,49.1,52.6,95.9,43.5
Atlanta Hawks,Washington Wizards,Atlanta Hawks,10,5,5,0.5,48.5,113.5,41.8,90.7,46.1,12.5,32.4,38.6,17.4,24.1,72.2,14.9,33.3,48.2,27.8,18.8,7.6,4.8,5,24.8,22.1,-3.7,Washington Wizards,10,3,7,0.3,50,115.4,43.4,90.2,48.1,11.2,33.4,33.5,17.4,22.2,78.4,8.6,30.3,38.9,27.4,15.2,8.9,3.7,4.5,21.2,21.9,-4.9,Atlanta Hawks,110.2,113.3,-3.2,66.5,1.48,18.6,36.1,73.4,54.2,18.3,53,56,102.14,47,Washington Wizards,109.8,114.5,-4.7,63.1,1.8,19,23.7,69.3,46.3,14.5,54.3,57.7,100.9,48.3
New Orleans Pelicans,Brooklyn Nets,New Orleans Pelicans,9,3,6,0.333,48,112.2,42.6,92.9,45.8,9.9,28,35.3,17.2,22.3,77.1,11.9,35.1,47,26.2,13.4,7.4,4.8,6.2,24.8,21,-2.1,Brooklyn Nets,10,7,3,0.7,49,116,40.4,83.4,48.4,12.7,32.5,39.1,22.5,29.1,77.3,8.6,35.5,44.1,26.5,15.1,6.5,4,4.9,19.4,23.4,1,New Orleans Pelicans,110.9,113,-2.1,61.6,1.95,18.4,30.9,71.9,51.1,13.3,51.1,54.6,101.22,48.9,Brooklyn Nets,113.7,113.2,0.5,65.6,1.75,18.9,25.4,76,51.5,14.8,56.1,60.3,99.72,51.8
Minnesota Timberwolves,Boston Celtics,Minnesota Timberwolves,10,4,6,0.4,49,116.2,42.7,93.2,45.8,9.4,28.1,33.5,21.4,27.9,76.7,11.7,33.6,45.3,26.6,11.3,9.1,5.8,5.1,21.7,24.7,0,Boston Celtics,10,5,5,0.5,49,114.9,41.4,91.2,45.4,13,36.4,35.7,19.1,23.2,82.3,10.3,32.6,42.9,25.3,13.4,9.8,5.6,4.7,20.4,21.5,0.5,Minnesota Timberwolves,113.3,113.5,-0.2,62.3,2.35,18.3,29.4,70.6,49.5,11,50.9,55.1,100.41,51.7,Boston Celtics,112.3,111.6,0.7,61.1,1.89,17.8,27.6,69.9,48.2,13.1,52.5,56.7,100.31,51.2
Orlando Magic,Chicago Bulls,Orlando Magic,9,4,5,0.444,48.6,99.9,36.1,85,42.5,10.2,30,34.1,17.4,22.6,77.3,10.3,34.8,45.1,20.8,15.1,6.1,5.3,4.8,20.1,20.1,-6.2,Chicago Bulls,9,4,5,0.444,48,96,37.1,82.2,45.1,7.4,21.3,34.9,14.3,18.8,76.3,8.1,34.2,42.3,20.2,13.8,8.1,5.1,4.1,21.2,17.7,-2.3,Orlando Magic,103,109.6,-6.7,57.5,1.38,15.8,28.6,75.5,51.4,15.6,48.5,52.6,95.78,45.9,Chicago Bulls,101.4,103.8,-2.3,54.5,1.47,16.1,23.5,70.4,47.7,14.6,49.7,53,94.72,49.7
Detroit Pistons,Memphis Grizzlies,Detroit Pistons,10,3,7,0.3,48.5,103.2,37.4,86.7,43.1,11.8,34.7,34,16.6,22.3,74.4,11.3,33.9,45.2,23.5,16.8,6.2,4.9,5.6,22.8,21.3,-5.6,Memphis Grizzlies,10,3,7,0.3,48,97.6,36.7,79.7,46,8.5,25.9,32.8,15.7,21,74.8,7.2,32.1,39.3,22.4,13.6,8.9,6.5,5,22,20.4,-3.4,Detroit Pistons,103.8,109.3,-5.5,62.8,1.4,17.1,28.6,74.4,50.7,16.9,49.9,53.5,98.42,45.3,Memphis Grizzlies,104.1,106.8,-2.7,61,1.65,17.8,21,70.8,46.3,14.5,51.4,54.9,94.2,49.3
Philadelphia 76ers,Phoenix Suns,Philadelphia 76ers,10,5,5,0.5,48.5,114.8,42.7,90.2,47.3,11.4,32.6,35,18,23.7,75.9,10.8,36.5,47.3,27.2,14.2,7.5,5.3,2.3,21.8,21.3,1,Phoenix Suns,10,5,5,0.5,50,114.5,43.8,93.5,46.8,9.5,26.9,35.3,17.4,21.3,81.7,11.4,32.2,43.6,24.7,14.3,10.4,5.9,4.9,23,19.2,-0.8,Philadelphia 76ers,111.3,109.5,1.8,63.7,1.92,19,25.8,76.3,51.1,13.8,53.7,57,102.43,51.7,Phoenix Suns,109.6,111.1,-1.5,56.4,1.73,17.1,30.2,68.5,49.1,13.7,51.9,55.7,99.98,49.6
Oklahoma City Thunder,Los Angeles Lakers,Oklahoma City Thunder,11,6,5,0.545,48,113.3,43.6,93.3,46.8,9,27.2,33.1,17,24.9,68.2,12.4,34.8,47.2,21.3,15,11,5.5,4.6,22.3,23.2,5.8,Los Angeles Lakers,10,4,6,0.4,48,114.1,43.3,87.8,49.3,11.5,33.6,34.2,16,24.4,65.6,8.2,37.6,45.8,26.2,15.5,7.4,4.9,4.5,18.4,21.1,1.1,Oklahoma City Thunder,107.6,102.1,5.5,48.8,1.42,15,29.3,73.6,50.6,14.2,51.6,54.3,105.27,51.8,Los Angeles Lakers,108.9,108,0.8,60.5,1.69,18.5,23.6,74.5,50.5,14.8,55.9,57.9,104.7,51.9
